{
	"categories":{
	
		"@music":{
			"volume":0.5
		},
    "@FX": {
      "volume": 0.2
    },
		"@FX2":{
			"volume":1.0
		},
		"@Voices":{
			"volume":0.3
		}    
	},

  "sources": [

    { "path": "sounds/menu_music.ogg" , "category" :  "music"},
    { "path": "sounds/pause_music.ogg" , "category" :  "music"},
    { "path": "sounds/game_music.ogg" , "category" :  "music"},
    { "path": "sounds/gameover.ogg" , "category" :  "FX"},
    { "path": "sounds/explosion.ogg" , "category" :  "FX2"},
    { "path": "sounds/bonus1.ogg" , "category" :  "FX"},
    { "path": "sounds/bonus2.ogg" , "category" :  "FX"},
    { "path": "sounds/start.ogg" , "category" :  "FX"},
    { "path": "sounds/pause.ogg" , "category" :  "FX"},
    { "path": "sounds/thrust.ogg" , "category" :  "FX"},
    { "path": "sounds/player_touched.ogg" , "category" :  "FX"},
    { "path": "sounds/particle_removed.ogg" , "category" :  "FX"},
    { "path": "sounds/particle_add.ogg" , "category" :  "FX"},
    { "path": "sounds/next_level.ogg" , "category" :  "FX"},
    { "path": "sounds/collision.ogg" , "category" :  "FX"},
    { "path": "sounds/fire.ogg" , "category" :  "FX"},
    { "path": "sounds/heartbeat.ogg" , "category" :  "FX"},    
    { "path": "sounds/metallic.ogg" , "category" :  "FX"},    
    { "path": "sounds/speed_up.ogg" , "category" :  "Voices"},
    { "path": "sounds/power_up.ogg" , "category" :  "Voices"},
    { "path": "sounds/augmented_fire.ogg" , "category" :  "Voices"},
    { "path": "sounds/life_restored.ogg" , "category" :  "Voices"},
    { "path": "sounds/blast_improved.ogg" , "category" :  "Voices"}      
  ]
}