{
  "sprite_directory":"@sprites",
  "font_path": "@fonts/overpass-mono-bold.otf",
  "title_font_path": "@fonts/unispace bold italic.ttf",

	"initial_life":3,
	"max_life":3,

  "mouse_sensitivity": 1.0,
  "gamepad_sensitivity": 1.0,

	"initial_player_life":1.0,
  "min_player_max_life": 0.1,

  "player_speeds" : [ 1.0, 1.5, 2.0, 2.5 ],
  "player_damages": [ 0.5, 1.0, 1.5, 2.0 ],
  "player_charged_damages": [ 10.0, 15.0, 20.0, 25.0 ],
  "player_fire_rates": [ 1, 3, 5, 7 ],

  "player_speed_factor": 2500.0,
  "buy_upgrade_time":1.5,
  "charged_fire_time": 1.0,
  "normal_fire_time": 0.15,
  
  "cost_speed_up": 0.2,
  "cost_damage_up": 0.2,
  "cost_charged_damage_up": 0.2,
  "cost_fire_rate_up": 0.2,

  "scroll_factor": 1.0,
  "fire_velocity": 10000.0,
  "enemy_fire_velocity": 1400.0,
  "enemy_fire_damage": 0.1,
  "enemy_fire_rate": 1.5,
  "meteor_life": 2.5,
  "alien_life": 3.5,
  "turret_life": 3.5,

  "meteor_damage_for_player": 0.2,
  "alien_damage_for_player": 0.3,
  "turret_damage_for_player": 0.2

}